url,title,status,local_path
https://www.ruttyandmorris.com,Rutty HVAC & Refrigeration LLC | Formerly Rutty and Morris LLC,200,index.html
https://www.ruttyandmorris.com/,Rutty HVAC & Refrigeration LLC | Formerly Rutty and Morris LLC,200,index.html
https://www.ruttyandmorris.com/hvac-services,"AC, Heating, and Ventilation Services | Rutty HVAC & Refrigeration LLC",200,hvac-services/index.html
https://www.ruttyandmorris.com/mini-split-systems,"Mini-Split Systems | Rutty HVAC & Refrigeration LLC | Nederland, TX",200,mini-split-systems/index.html
https://www.ruttyandmorris.com/indoor-air-quality,"Indoor Air Quality | Rutty HVAC & Refrigeration LLC | Nederland, TX",200,indoor-air-quality/index.html
https://www.ruttyandmorris.com/maintenance-program,"Preventative Maintenance | Rutty HVAC & Refrigeration LLC | Nederland, TX",200,maintenance-program/index.html
https://www.ruttyandmorris.com/refrigeration-services,"Refrigeration Services | Rutty HVAC & Refrigeration LLC | Nederland, TX",200,refrigeration-services/index.html
https://www.ruttyandmorris.com/about,"About Us | Rutty HVAC & Refrigeration LLC | Nederland, TX",200,about/index.html
https://www.ruttyandmorris.com/service-areas,Service Areas - Rutty and Morris LLC,200,service-areas/index.html
https://www.ruttyandmorris.com/contact,Contact - Rutty and Morris LLC,200,contact/index.html
https://www.ruttyandmorris.com/blog,Blog - Rutty and Morris LLC,200,blog/index.html
https://www.ruttyandmorris.com/sitemap,Sitemap - Rutty and Morris LLC,200,sitemap/index.html
https://www.ruttyandmorris.com/privacy-policy,Privacy Policy - Rutty and Morris LLC,200,privacy-policy/index.html
https://www.ruttyandmorris.com/terms-of-service,Terms of Service - Rutty and Morris LLC,200,terms-of-service/index.html
https://www.ruttyandmorris.com/cookies,Cookies - Rutty and Morris LLC,200,cookies/index.html
https://www.ruttyandmorris.com/hvac-contractor-groves,We Can Offer HVAC Installation Groves Residents Can Trust,200,hvac-contractor-groves/index.html
https://www.ruttyandmorris.com/hvac-contractor-lumberton,We're the HVAC Installation Lumberton TX Team Residents Truly Deserve,200,hvac-contractor-lumberton/index.html
https://www.ruttyandmorris.com/hvac-contractor-orange,HVAC Installation Orange Needs to Avoid Serious Heat-Related Dangers,200,hvac-contractor-orange/index.html
https://www.ruttyandmorris.com/hvac-contractor-arthur,HVAC Installation Port Arthur: Choosing the Right System,200,hvac-contractor-arthur/index.html
https://www.ruttyandmorris.com/hvac-contractor-beaumont,HVAC Contractors in Beaumont and Energy Efficiency,200,hvac-contractor-beaumont/index.html
https://www.ruttyandmorris.com/hvac-contractor-nederland,HVAC Installation in Nederland: What You Need to Know,200,hvac-contractor-nederland/index.html
https://www.ruttyandmorris.com/ac-service-groves,"Finding AC Service Groves, Texas Support That Makes Sense",200,ac-service-groves/index.html
https://www.ruttyandmorris.com/ac-service-lumberton,AC Service Lumberton TX Can Trust to Handle All Needs,200,ac-service-lumberton/index.html
https://www.ruttyandmorris.com/ac-service-orange,The One AC Service Orange Trusts To Take Care of All Issues,200,ac-service-orange/index.html
https://www.ruttyandmorris.com/ac-service-arthur,AC Service in Port Arthur: What to Expect During Your Service,200,ac-service-arthur/index.html
https://www.ruttyandmorris.com/ac-service-beaumont,How to Choose the Best AC Repair Service in Beaumont,200,ac-service-beaumont/index.html
https://www.ruttyandmorris.com/ac-service-nederland,Top Signs You Need AC Service Nederland | Rutty & Morris Air Conditioning,200,ac-service-nederland/index.html
https://www.ruttyandmorris.com/commercial-refrigeration-groves,The Importance of Regular Inspections for Commercial Refrigeration Systems,200,commercial-refrigeration-groves/index.html
https://www.ruttyandmorris.com/ice-machine-repair-groves,How to Save on Ice Machine Repair Costs | Ice Machine Repair Groves,200,ice-machine-repair-groves/index.html
https://www.ruttyandmorris.com/heating-and-cooling-groves,How to Troubleshoot Common Heating and Cooling Problems,200,heating-and-cooling-groves/index.html
https://www.ruttyandmorris.com/ac-repair-groves,Why DIY AC Repairs Can Be Risky | AC Repair Groves,200,ac-repair-groves/index.html
https://www.ruttyandmorris.com/commercial-refrigeration-lumberton,How Often Should You Service Your Commercial Refrigerator?,200,commercial-refrigeration-lumberton/index.html
https://www.ruttyandmorris.com/ice-machine-repair-lumberton,Maintenance Tips for Businesses | Ice Machine Repair Lumberton,200,ice-machine-repair-lumberton/index.html
https://www.ruttyandmorris.com/heating-and-cooling-lumberton,The Benefits of a Programmable Thermostat | Heating and Cooling Lumberton,200,heating-and-cooling-lumberton/index.html
https://www.ruttyandmorris.com/ac-repair-lumberton,Should You Repair or Replace Your AC? | AC Repair Lumberton,200,ac-repair-lumberton/index.html
https://www.ruttyandmorris.com/commercial-refrigeration-orange,Signs Your Refrigerator Needs Repair | Commercial Refrigeration Orange,200,commercial-refrigeration-orange/index.html
https://www.ruttyandmorris.com/ice-machine-repair-orange,Ice Machine Repair vs. Replacement | Ice Machine Repair Orange,200,ice-machine-repair-orange/index.html
https://www.ruttyandmorris.com/heating-and-cooling-orange,Signs Your Heating and Cooling System Needs Service,200,heating-and-cooling-orange/index.html
https://www.ruttyandmorris.com/ac-repair-orange,How to Save Money on AC Repairs | AC Repair Orange,200,ac-repair-orange/index.html
https://www.ruttyandmorris.com/commercial-refrigeration-arthur,Choosing the Right Commercial Refrigerator for Your Business,200,commercial-refrigeration-arthur/index.html
https://www.ruttyandmorris.com/ice-machine-repair-arthur,Ice Machine Repair Arthur - Signs Your Commercial Ice Machine Needs Repair,200,ice-machine-repair-arthur/index.html
https://www.ruttyandmorris.com/heating-and-cooling-arthur,Heating and Cooling System Maintenance | Heating and Cooling Arthur,200,heating-and-cooling-arthur/index.html
https://www.ruttyandmorris.com/ac-repair-arthur,What to Expect During an AC Repair Service | AC Repair Arthur,200,ac-repair-arthur/index.html
https://www.ruttyandmorris.com/commercial-refrigeration-beaumont,Commercial Refrigeration Maintenance | Commercial Refrigeration Beaumont,200,commercial-refrigeration-beaumont/index.html
https://www.ruttyandmorris.com/ice-machine-repair-beaumont,Problems and Fixes | Ice Machine Repair Beaumont,200,ice-machine-repair-beaumont/index.html
https://www.ruttyandmorris.com/heating-and-cooling-beaumont,The Impact of Heating and Cooling Efficiency | Heating and Cooling Beaumont,200,heating-and-cooling-beaumont/index.html
https://www.ruttyandmorris.com/ac-repair-beaumont,The Importance of Regular AC Maintenance | AC Repair Beaumont,200,ac-repair-beaumont/index.html
https://www.ruttyandmorris.com/commercial-refrigeration-nederland,Commercial Refrigeration Problems | Commercial Refrigeration Nederland,200,commercial-refrigeration-nederland/index.html
https://www.ruttyandmorris.com/ice-machine-repair-nederland,How to Maintain Your Ice Machine | Ice Machine Repair Nederland,200,ice-machine-repair-nederland/index.html
https://www.ruttyandmorris.com/heating-and-cooling-nederland,Heating and Cooling Nederland - Balanced Heating and Cooling System,200,heating-and-cooling-nederland/index.html
https://www.ruttyandmorris.com/ac-repair-nederland,AC Repair Nederland | Common AC Problems and What to Do About Them,200,ac-repair-nederland/index.html
https://www.ruttyandmorris.com/reliable-ac-repair-in-orange-for-efficient-cooling-and-comfort,Reliable AC Repair in Orange for Efficient Cooling and Comfort - Rutty and Morris LLC,200,reliable-ac-repair-in-orange-for-efficient-cooling-and-comfort/index.html
https://www.ruttyandmorris.com/ac-repair-in-orange,AC Repair in Orange | Reliable Cooling & HVAC Service,200,ac-repair-in-orange/index.html
https://www.ruttyandmorris.com/refrigeration,"Refrigeration Services | Rutty HVAC & Refrigeration LLC | Nederland, TX",200,refrigeration/index.html
https://www.ruttyandmorris.com/ac-heating-ventilation-services,"AC, Heating, and Ventilation Services | Rutty & Morris LLC | Nederland, TX",200,ac-heating-ventilation-services/index.html
https://www.ruttyandmorris.com/thank-you,Thank You - Rutty and Morris LLC,200,thank-you/index.html
